y0,y1
2,1
2.00498,0.994995
2.00994,0.99009
2.01487,0.985283
2.01977,0.980572
2.02466,0.975957
2.02952,0.971436
2.03436,0.967008
2.03918,0.962671
2.04398,0.958423
2.04875,0.954265
2.05351,0.950193
2.05824,0.946208
2.06296,0.942308
2.06766,0.938491
2.07234,0.934757
2.077,0.931104
2.08164,0.927532
2.08626,0.924038
2.09087,0.920623
2.09546,0.917285
2.10004,0.914022
2.1046,0.910835
2.10914,0.907721
2.11367,0.90468
2.11818,0.901712
2.12268,0.898814
2.12716,0.895986
2.13163,0.893227
2.13609,0.890537
2.14053,0.887914
2.14497,0.885357
2.14938,0.882866
2.15379,0.88044
2.15819,0.878077
2.16257,0.875778
2.16694,0.873541
2.1713,0.871366
2.17565,0.869251
2.17999,0.867197
2.18432,0.865201
2.18864,0.863265
2.19296,0.861386
2.19726,0.859564
2.20155,0.857799
2.20584,0.856089
2.21011,0.854434
2.21438,0.852834
2.21864,0.851288
2.22289,0.849795
2.22714,0.848354
2.23138,0.846966
2.23561,0.845628
2.23984,0.844341
2.24406,0.843105
2.24827,0.841918
2.25248,0.84078
2.25668,0.83969
2.26088,0.838649
2.26507,0.837654
2.26926,0.836707
2.27344,0.835806
2.27762,0.834951
2.2818,0.834141
2.28597,0.833376
2.29013,0.832655
2.2943,0.831978
2.29846,0.831344
2.30262,0.830754
2.30677,0.830206
2.31093,0.8297
2.31508,0.829235
2.31922,0.828812
2.32337,0.82843
2.32751,0.828087
2.33166,0.827785
2.3358,0.827523
2.33994,0.827299
2.34408,0.827114
2.34822,0.826968
2.35236,0.826859
2.3565,0.826789
2.36063,0.826755
2.36477,0.826758
2.36891,0.826798
2.37305,0.826874
2.37719,0.826986
2.38133,0.827134
2.38547,0.827316
2.38961,0.827534
2.39375,0.827786
2.3979,0.828072
2.40204,0.828393
2.40619,0.828746
2.41034,0.829134
2.41449,0.829554
2.41865,0.830007
2.4228,0.830492
2.42696,0.83101
2.43112,0.831559
2.43529,0.83214
2.43946,0.832753
2.44363,0.833396
2.4478,0.834071
2.45198,0.834776
2.45616,0.835511
2.46035,0.836277
2.46454,0.837072
2.46873,0.837897
2.47293,0.838751
2.47713,0.839635
2.48134,0.840547
2.48555,0.841488
2.48977,0.842458
2.49399,0.843456
2.49822,0.844482
2.50245,0.845536
2.50668,0.846617
2.51093,0.847726
2.51518,0.848863
2.51943,0.850026
2.52369,0.851216
2.52796,0.852433
2.53223,0.853677
2.53651,0.854946
2.54079,0.856242
2.54509,0.857564
2.54939,0.858912
2.55369,0.860285
2.558,0.861684
2.56232,0.863108
2.56665,0.864558
2.57099,0.866032
2.57533,0.867531
2.57968,0.869055
2.58403,0.870603
2.5884,0.872176
2.59277,0.873773
2.59715,0.875394
2.60154,0.877039
2.60594,0.878708
2.61035,0.880401
2.61476,0.882117
2.61919,0.883857
2.62362,0.88562
2.62806,0.887406
2.63251,0.889216
2.63697,0.891048
2.64144,0.892903
2.64592,0.894781
2.65041,0.896681
2.6549,0.898604
2.65941,0.90055
2.66393,0.902517
2.66846,0.904507
2.67299,0.906519
2.67754,0.908553
2.6821,0.910609
2.68667,0.912687
2.69124,0.914786
2.69583,0.916907
2.70043,0.91905
2.70504,0.921213
2.70967,0.923399
2.7143,0.925605
2.71894,0.927833
2.7236,0.930082
2.72826,0.932352
2.73294,0.934642
2.73763,0.936954
2.74233,0.939286
2.74704,0.94164
2.75177,0.944013
2.75651,0.946408
2.76125,0.948823
2.76602,0.951258
2.77079,0.953714
2.77557,0.95619
2.78037,0.958687
2.78518,0.961203
2.79001,0.96374
2.79484,0.966297
2.79969,0.968874
2.80456,0.971471
2.80943,0.974088
2.81432,0.976724
2.81922,0.979381
2.82414,0.982057
2.82906,0.984754
2.83401,0.98747
2.83896,0.990205
2.84393,0.99296
2.84892,0.995735
2.85391,0.998529
2.85893,1.00134
2.86395,1.00418
2.86899,1.00703
2.87405,1.0099
2.87912,1.01279
2.8842,1.0157
2.8893,1.01863
2.89441,1.02158
2.89954,1.02455
2.90468,1.02754
2.90984,1.03055
2.91501,1.03357
2.9202,1.03662
2.9254,1.03968
2.93062,1.04277
2.93586,1.04587
2.94111,1.04899
2.94637,1.05213
2.95166,1.05529
2.95695,1.05847
2.96227,1.06167
2.9676,1.06489
2.97294,1.06813
2.9783,1.07138
2.98368,1.07466
2.98908,1.07795
2.99449,1.08126
2.99992,1.08459
3.00536,1.08794
3.01083,1.09131
3.01631,1.0947
3.0218,1.09811
3.02731,1.10153
3.03284,1.10498
3.03839,1.10844
3.04396,1.11192
3.04954,1.11543
3.05514,1.11895
3.06076,1.12249
3.06639,1.12605
3.07205,1.12962
3.07772,1.13322
3.08341,1.13684
3.08912,1.14047
3.09484,1.14413
3.10059,1.1478
3.10635,1.15149
3.11213,1.1552
3.11793,1.15893
3.12375,1.16268
3.12959,1.16645
3.13545,1.17024
3.14133,1.17404
3.14722,1.17787
3.15313,1.18171
3.15907,1.18558
3.16502,1.18946
3.17099,1.19336
3.17699,1.19729
3.183,1.20123
3.18903,1.20519
3.19508,1.20917
3.20115,1.21317
3.20725,1.21719
3.21336,1.22122
3.21949,1.22528
3.22564,1.22936
3.23182,1.23345
3.23801,1.23757
3.24423,1.24171
3.25046,1.24586
3.25672,1.25004
3.263,1.25423
3.26929,1.25844
3.27561,1.26268
3.28196,1.26693
3.28832,1.27121
3.2947,1.2755
3.30111,1.27981
3.30753,1.28415
3.31398,1.2885
3.32045,1.29287
3.32695,1.29727
3.33346,1.30168
3.34,1.30611
3.34656,1.31057
3.35314,1.31504
3.35974,1.31954
3.36637,1.32405
3.37302,1.32858
3.37969,1.33314
3.38639,1.33772
3.39311,1.34231
3.39985,1.34693
3.40661,1.35157
3.4134,1.35623
3.42021,1.3609
3.42705,1.3656
3.43391,1.37032
3.44079,1.37507
3.44769,1.37983
3.45462,1.38461
3.46158,1.38942
3.46856,1.39424
3.47556,1.39909
3.48259,1.40395
3.48964,1.40884
3.49671,1.41375
3.50381,1.41869
3.51094,1.42364
3.51809,1.42861
3.52526,1.43361
3.53246,1.43863
3.53969,1.44367
3.54694,1.44873
3.55422,1.45381
3.56152,1.45891
3.56885,1.46404
3.5762,1.46919
3.58358,1.47436
3.59098,1.47955
3.59842,1.48477
3.60587,1.49001
3.61336,1.49527
3.62087,1.50055
3.6284,1.50585
3.63597,1.51118
3.64356,1.51653
3.65117,1.5219
3.65882,1.5273
3.66649,1.53272
3.67419,1.53816
3.68191,1.54362
3.68967,1.54911
3.69745,1.55462
3.70526,1.56015
3.71309,1.56571
3.72096,1.57129
3.72885,1.57689
3.73677,1.58252
3.74472,1.58817
3.7527,1.59385
3.7607,1.59954
3.76874,1.60527
3.7768,1.61101
3.78489,1.61678
3.79301,1.62258
3.80116,1.62839
3.80934,1.63424
3.81755,1.6401
3.82579,1.646
3.83406,1.65191
3.84235,1.65785
3.85068,1.66382
3.85904,1.66981
3.86743,1.67582
3.87584,1.68186
3.88429,1.68793
3.89277,1.69402
3.90128,1.70013
3.90982,1.70627
3.91839,1.71244
3.92699,1.71863
3.93563,1.72485
3.94429,1.73109
3.95299,1.73736
3.96171,1.74365
3.97047,1.74997
3.97926,1.75632
3.98808,1.76269
3.99694,1.76909
4.00582,1.77552
4.01474,1.78197
4.02369,1.78845
4.03268,1.79495
4.04169,1.80149
4.05074,1.80804
4.05983,1.81463
4.06894,1.82124
4.07809,1.82788
4.08727,1.83455
4.09649,1.84125
4.10574,1.84797
4.11502,1.85472
4.12434,1.8615
4.13369,1.8683
4.14307,1.87513
4.15249,1.882
4.16194,1.88889
4.17143,1.8958
4.18096,1.90275
4.19051,1.90973
4.20011,1.91673
4.20974,1.92376
4.2194,1.93082
4.2291,1.93791
4.23883,1.94503
4.24861,1.95218
4.25841,1.95936
4.26825,1.96656
4.27813,1.9738
4.28805,1.98107
4.298,1.98836
4.30799,1.99569
4.31801,2.00304
4.32808,2.01043
4.33818,2.01785
4.34831,2.02529
4.35849,2.03277
4.3687,2.04028
4.37895,2.04782
4.38923,2.05539
4.39956,2.06299
4.40992,2.07062
4.42032,2.07828
4.43077,2.08597
4.44124,2.0937
4.45176,2.10146
4.46232,2.10924
4.47291,2.11707
4.48355,2.12492
4.49422,2.1328
4.50494,2.14072
4.51569,2.14867
4.52649,2.15665
4.53732,2.16467
4.5482,2.17271
4.55911,2.18079
4.57007,2.18891
4.58106,2.19706
4.5921,2.20524
4.60318,2.21345
4.6143,2.2217
4.62546,2.22998
4.63666,2.23829
4.64791,2.24664
4.65919,2.25502
4.67052,2.26344
4.68189,2.27189
4.6933,2.28038
4.70476,2.2889
4.71626,2.29746
4.7278,2.30605
4.73939,2.31468
4.75101,2.32334
4.76269,2.33204
4.7744,2.34077
4.78616,2.34954
4.79797,2.35834
4.80981,2.36719
4.8217,2.37606
4.83364,2.38498
4.84562,2.39393
4.85765,2.40291
4.86972,2.41194
4.88184,2.421
4.894,2.4301
4.90621,2.43923
4.91846,2.44841
4.93076,2.45762
4.94311,2.46686
4.9555,2.47615
4.96794,2.48548
4.98043,2.49484
4.99296,2.50424
5.00555,2.51368
5.01817,2.52316
5.03085,2.53268
5.04357,2.54223
5.05635,2.55183
5.06917,2.56146
5.08203,2.57114
5.09495,2.58086
5.10792,2.59061
5.12093,2.60041
5.134,2.61024
5.14711,2.62012
5.16027,2.63003
5.17349,2.63999
5.18675,2.64999
5.20006,2.66003
5.21343,2.67011
5.22684,2.68023
5.24031,2.6904
5.25382,2.7006
5.26739,2.71085
5.28101,2.72114
5.29468,2.73147
5.30841,2.74185
5.32218,2.75227
5.33601,2.76273
5.34989,2.77323
5.36382,2.78378
5.37781,2.79437
5.39185,2.80501
5.40594,2.81569
5.42008,2.82641
5.43428,2.83718
5.44854,2.84799
5.46285,2.85885
5.47721,2.86975
5.49163,2.88069
5.5061,2.89168
5.52063,2.90272
5.53521,2.9138
5.54985,2.92493
5.56455,2.93611
5.5793,2.94733
5.59411,2.9586
5.60897,2.96991
5.62389,2.98127
5.63887,2.99268
5.65391,3.00413
5.669,3.01564
5.68415,3.02719
5.69936,3.03878
5.71463,3.05043
5.72995,3.06212
5.74534,3.07387
5.76078,3.08566
5.77628,3.0975
5.79185,3.10939
5.80747,3.12133
5.82315,3.13332
5.83889,3.14535
5.8547,3.15744
5.87056,3.16958
5.88649,3.18177
5.90247,3.19401
5.91852,3.2063
5.93463,3.21864
5.9508,3.23103
5.96703,3.24348
5.98333,3.25597
5.99969,3.26852
6.01611,3.28112
6.0326,3.29377
6.04915,3.30648
6.06576,3.31924
6.08244,3.33205
6.09918,3.34491
6.11598,3.35783
6.13285,3.3708
6.14979,3.38383
6.16679,3.39691
6.18386,3.41004
6.20099,3.42323
6.21819,3.43648
6.23546,3.44978
6.25279,3.46313
6.27019,3.47654
6.28766,3.49001
6.30519,3.50353
6.3228,3.51711
6.34047,3.53075
6.35821,3.54444
6.37602,3.55819
6.39389,3.572
6.41184,3.58586
6.42986,3.59979
6.44795,3.61377
6.4661,3.62781
6.48433,3.64191
6.50263,3.65606
6.521,3.67028
6.53944,3.68456
6.55795,3.69889
6.57654,3.71329
6.5952,3.72774
6.61393,3.74226
6.63273,3.75684
6.6516,3.77148
6.67055,3.78618
6.68958,3.80094
6.70868,3.81576
6.72785,3.83065
6.7471,3.84559
6.76642,3.8606
6.78582,3.87568
6.80529,3.89081
6.82484,3.90601
6.84447,3.92128
6.86417,3.93661
6.88395,3.952
6.9038,3.96745
6.92374,3.98298
6.94375,3.99856
6.96384,4.01421
6.98401,4.02993
7.00426,4.04572
7.02459,4.06157
7.045,4.07748
7.06549,4.09347
7.08605,4.10952
7.1067,4.12564
7.12743,4.14182
7.14824,4.15808
7.16914,4.1744
7.19011,4.19079
7.21117,4.20725
7.23231,4.22378
7.25353,4.24038
7.27484,4.25705
7.29623,4.27379
7.3177,4.2906
7.33926,4.30748
7.36091,4.32443
7.38264,4.34145
7.40445,4.35855
7.42635,4.37571
7.44834,4.39295
7.47041,4.41027
7.49257,4.42765
7.51482,4.44511
7.53715,4.46264
7.55958,4.48025
7.58209,4.49793
7.60469,4.51568
7.62738,4.53351
7.65016,4.55142
7.67303,4.5694
7.69599,4.58746
7.71904,4.60559
7.74218,4.6238
7.76542,4.64208
7.78874,4.66045
7.81216,4.67889
7.83567,4.69741
7.85928,4.71601
7.88297,4.73468
7.90676,4.75344
7.93065,4.77227
7.95463,4.79119
7.9787,4.81018
8.00287,4.82926
8.02714,4.84841
8.0515,4.86765
8.07596,4.88697
8.10052,4.90637
8.12517,4.92585
8.14992,4.94542
8.17478,4.96506
8.19972,4.98479
8.22477,5.00461
8.24992,5.02451
8.27517,5.04449
8.30052,5.06456
8.32596,5.08471
8.35151,5.10495
8.37717,5.12527
8.40292,5.14568
8.42878,5.16618
8.45474,5.18677
8.4808,5.20744
8.50697,5.2282
8.53324,5.24904
8.55962,5.26998
8.5861,5.291
8.61268,5.31212
8.63938,5.33332
8.66618,5.35462
8.69308,5.376
8.7201,5.39748
8.74722,5.41904
8.77445,5.4407
8.80179,5.46245
8.82924,5.4843
8.8568,5.50623
8.88447,5.52826
8.91225,5.55038
8.94014,5.5726
8.96814,5.59491
8.99626,5.61732
9.02448,5.63982
9.05282,5.66242
9.08128,5.68511
9.10985,5.70791
9.13853,5.73079
9.16733,5.75378
9.19624,5.77686
9.22527,5.80004
9.25441,5.82333
9.28368,5.84671
9.31306,5.87018
9.34256,5.89376
9.37217,5.91744
9.40191,5.94123
9.43176,5.96511
9.46174,5.98909
9.49184,6.01318
9.52205,6.03737
9.55239,6.06166
9.58285,6.08606
9.61344,6.11056
9.64414,6.13517
9.67497,6.15988
9.70593,6.18469
9.73701,6.20962
9.76821,6.23465
9.79954,6.25978
9.831,6.28503
9.86258,6.31038
9.89429,6.33584
9.92613,6.3614
9.9581,6.38708
9.99019,6.41287
10.0224,6.43877
10.0548,6.46478
10.0873,6.4909
10.1199,6.51713
10.1526,6.54347
10.1855,6.56993
10.2185,6.5965
10.2517,6.62318
10.285,6.64998
10.3184,6.67689
10.3519,6.70392
10.3856,6.73106
10.4194,6.75832
10.4534,6.7857
10.4875,6.81319
10.5217,6.84081
10.5561,6.86854
10.5906,6.89639
10.6253,6.92435
10.6601,6.95244
10.695,6.98065
10.7301,7.00898
10.7653,7.03743
10.8007,7.06601
10.8362,7.0947
10.8719,7.12352
10.9077,7.15247
10.9436,7.18153
10.9797,7.21072
11.0159,7.24004
11.0523,7.26949
11.0888,7.29905
11.1255,7.32875
11.1624,7.35858
11.1993,7.38853
11.2365,7.41861
11.2737,7.44882
11.3112,7.47916
11.3488,7.50963
11.3865,7.54023
11.4244,7.57096
11.4624,7.60183
11.5006,7.63283
11.539,7.66396
11.5775,7.69522
11.6162,7.72662
11.655,7.75816
11.694,7.78983
11.7332,7.82163
11.7725,7.85358
11.8119,7.88566
11.8516,7.91788
11.8914,7.95023
11.9313,7.98273
11.9714,8.01537
12.0117,8.04815
12.0522,8.08106
12.0928,8.11412
12.1335,8.14733
12.1745,8.18067
12.2156,8.21416
12.2569,8.2478
12.2983,8.28158
12.3399,8.3155
12.3817,8.34957
12.4237,8.38379
12.4658,8.41815
12.5081,8.45267
12.5506,8.48733
12.5933,8.52214
12.6361,8.5571
12.6791,8.59222
12.7223,8.62748
12.7656,8.6629
12.8092,8.69847
12.8529,8.73419
12.8968,8.77007
12.9409,8.8061
12.9851,8.84229
13.0295,8.87863
13.0742,8.91513
13.119,8.95179
13.164,8.9886
13.2091,9.02558
13.2545,9.06272
13.3,9.10001
13.3458,9.13747
13.3917,9.17509
13.4378,9.21287
13.4841,9.25081
13.5306,9.28892
13.5773,9.3272
13.6242,9.36564
13.6712,9.40424
13.7185,9.44301
13.7659,9.48195
13.8136,9.52106
13.8614,9.56034
13.9095,9.59979
13.9577,9.63941
14.0062,9.6792
14.0548,9.71916
14.1037,9.75929
14.1527,9.7996
14.202,9.84009
14.2514,9.88075
14.3011,9.92158
14.3509,9.96259
14.401,10.0038
14.4513,10.0451
14.5018,10.0867
14.5525,10.1284
14.6034,10.1703
14.6545,10.2124
14.7058,10.2547
14.7573,10.2971
14.8091,10.3398
14.8611,10.3826
14.9132,10.4256
14.9656,10.4688
15.0182,10.5122
15.0711,10.5558
15.1241,10.5995
15.1774,10.6435
15.2309,10.6876
15.2846,10.732
15.3385,10.7765
15.3927,10.8212
15.4471,10.8661
15.5017,10.9112
15.5565,10.9565
15.6116,11.002
15.6669,11.0477
15.7224,11.0936
15.7782,11.1397
15.8342,11.186
15.8904,11.2325
15.9468,11.2792
16.0035,11.3261
16.0604,11.3732
16.1176,11.4205
16.175,11.468
16.2326,11.5158
16.2905,11.5637
16.3486,11.6118
16.407,11.6602
16.4656,11.7087
16.5244,11.7575
16.5835,11.8065
16.6429,11.8557
16.7024,11.9051
16.7623,11.9547
16.8224,12.0045
16.8827,12.0546
16.9433,12.1049
17.0041,12.1554
17.0652,12.2061
17.1266,12.257
17.1882,12.3082
17.25,12.3595
17.3121,12.4111
17.3745,12.463
17.4372,12.515
17.5001,12.5673
17.5632,12.6198
17.6266,12.6725
17.6903,12.7255
17.7543,12.7787
17.8185,12.8321
17.883,12.8858
17.9478,12.9396
18.0128,12.9938
18.0781,13.0481
18.1437,13.1027
18.2095,13.1576
18.2757,13.2127
18.3421,13.268
18.4088,13.3235
18.4757,13.3793
18.543,13.4354
18.6105,13.4917
18.6783,13.5482
18.7464,13.605
18.8148,13.662
18.8834,13.7193
18.9524,13.7768
19.0216,13.8346
19.0912,13.8926
19.161,13.9509
19.2311,14.0094
19.3015,14.0682
19.3722,14.1273
19.4432,14.1866
19.5145,14.2462
19.5861,14.306
19.658,14.3661
19.7302,14.4264
19.8027,14.487
19.8756,14.5479
19.9487,14.6091
20.0221,14.6705
20.0958,14.7322
20.1699,14.7941
20.2442,14.8563
20.3189,14.9188
20.3939,14.9816
20.4692,15.0446
20.5448,15.1079
20.6207,15.1715
20.697,15.2354
20.7736,15.2996
20.8505,15.364
20.9277,15.4287
21.0052,15.4937
21.0831,15.559
21.1613,15.6245
21.2398,15.6904
21.3187,15.7565
21.3979,15.823
21.4774,15.8897
21.5573,15.9567
21.6375,16.024
21.718,16.0916
21.7989,16.1595
21.8801,16.2277
21.9617,16.2962
22.0436,16.365
22.1258,16.4341
22.2084,16.5035
22.2914,16.5732
22.3747,16.6432
22.4583,16.7135
22.5423,16.7841
22.6267,16.855
22.7114,16.9263
22.7965,16.9978
22.8819,17.0697
22.9677,17.1419
23.0539,17.2144
23.1404,17.2872
23.2273,17.3603
23.3145,17.4338
23.4022,17.5076
23.4902,17.5817
23.5785,17.6561
23.6673,17.7309
23.7564,17.8059
23.8459,17.8813
23.9358,17.9571
24.026,18.0332
24.1167,18.1096
24.2077,18.1863
24.2991,18.2634
24.3909,18.3408
24.4831,18.4186
24.5757,18.4967
24.6686,18.5751
24.762,18.6539
24.8557,18.733
24.9499,18.8125
25.0445,18.8923
25.1394,18.9725
25.2348,19.053
25.3305,19.1339
25.4267,19.2152
25.5233,19.2968
25.6203,19.3787
25.7177,19.461
25.8155,19.5437
25.9137,19.6267
26.0124,19.7101
26.1115,19.7939
26.2109,19.8781
26.3109,19.9626
26.4112,20.0475
26.512,20.1327
26.6132,20.2183
26.7148,20.3043
26.8168,20.3907
26.9193,20.4775
27.0222,20.5646
27.1256,20.6522
27.2294,20.7401
27.3337,20.8284
27.4384,20.9171
27.5435,21.0061
27.6491,21.0956
27.7551,21.1855
27.8616,21.2757
27.9685,21.3664
28.0759,21.4575
28.1838,21.5489
28.2921,21.6408
28.4009,21.733
28.5101,21.8257
28.6198,21.9188
28.73,22.0123
28.8406,22.1062
28.9517,22.2005
29.0633,22.2952
